id;jmeno;prijmeni;vek;mesto;uzivatel;narozeni
1345;Jitka;Prokopová;46;praha;N;4/8/2021
1346;Jan;Hornych;18;Praha;N;21/4/1995
1347;Lumír;Navrátil;46;Olomouc;N;4/5/1987
1348;Pavel;Koutný;35;praha;Y;16/2/1995
1349;Ivan;Èížek;35;Liberec;N;5/5/2008
1350;Lukáš;Vopièka;26;Olomouc;Y;11/4/1962
1351;Marek;Valoušek;40;Brno;Y;28/12/1960
1352;Vìra;Racková;44;Plzeò;Y;15/5/1995
1353;Marie;Hrušková;57;praha;N;23/9/2007
1354;Kateøina;Bambulová;37;Liberec;Y;10/3/2020
1355;Martin;Jebálek;55;Plzeò;N;25/11/1996
1356;Miroslav;Liška;28;Praaha;N;5/6/1969
1357;Ester;Šebková;66;Brno;N;4/11/1966
1358;Günter;Vanìk;55;Liberec;N;10/12/1997
1359;Radek;Osladil;49;Ostrava;Y;12/2/1985
1360;Ervín;Studnièka;31;Brno;Y;17/12/1973
1361;Petr;Kvarda;24;Praaha;Y;13/5/1988
1362;Anna;Vokrouhlíková;48;Praaha;N;14/2/2022
1363;Markéta;Hejèová;42;Praha;Y;26/7/1990
1364;Lenka;Kurdíková;66;Praha;N;17/12/2023
1365;Antonín;Sloup;26;Brno;Y;22/7/1980
1366;Petra;Šiváková;28;Praaha;N;6/3/1986
1367;Miroslava;Strachová;51;praha;N;7/2/2020
1368;Jiøí;Fridrich;50;Praaha;N;26/2/1985
1369;Ludvík;Neckáø;32;Plzeò;Y;2/3/2020
1370;Július;Tomek;21;praha;Y;1/12/1961
1371;Karel;Trunec;32;Praha;Y;11/1/2021
1372;Tomáš;Hurtík;27;Pardubice;Y;18/8/2015
1373;Ludmila;Hossnerová;20;Liberec;Y;15/4/1971
1374;Zdeòka;Vajayová;59;Brno;Y;8/5/2016
1375;František;Mikulenka;56;Liberec;Y;24/1/1989
1376;Nadìžda;Ožanová;20;Brno;N;22/2/1962
1377;Jana;Trojanová;21;Hradec Králové;N;1/2/1984
1378;Josef;Bacho;45;Liberec;N;26/10/1965
1379;Michal;Juøica;45;Praaha;N;8/6/1965
1380;Aneta;Krutílková;31;Olomouc;Y;25/7/1982
1381;Milan;Novosad;46;Pardubice;N;17/11/2007
1382;Rudolf;Tomec;22;Pardubice;Y;14/3/1991
1383;David;Hrachovina;27;Praaha;N;6/7/2004
1384;Kristina;Tyminska;62;Olomouc;N;18/6/2015
1385;Jaroslav;Mirga;36;praha;Y;18/1/1990
1386;Jiøina;Jakšová;39;Plzeò;Y;23/4/1960
1387;Thi;Uyen;41;Pardubice;Y;22/5/1966
1388;Eva;Rejsová;59;Praha;N;24/12/2008
1389;Hana;Šmerdová;65;Pardubice;N;12/5/2015
1390;Ivana;Houdková;58;Pardubice;N;13/2/1979
1391;Robert;Doležal;49;Ostrava;N;10/1/2005
1392;Martina;Fišerová;47;Pardubice;N;28/4/1980
1393;Dana;Zadražilová;48;Ostrava;Y;15/1/2000
1394;Andrea;Stehnová;46;Ostrava;Y;27/7/1963
1395;Zdenìk;Illík;51;Hradec Králové;Y;12/12/2001
1396;Erika;Milièková;57;Liberec;N;24/3/2002
1397;Richard;Doèekal;32;Plzeò;N;22/4/1962
1398;Walter;Vítek;61;praha;N;26/1/2009
1399;Ladislav;Jenèke;18;Ostrava;Y;16/4/2002
1400;Helena;Dudková;65;Ostrava;N;12/10/1964
1401;Vladimír;Mühl;68;Olomouc;N;24/5/1968
1402;Alena;Skoèdopolová;59;Brno;Y;9/8/1997
1403;Drahomíra;Šišková;30;Plzeò;N;10/1/2013
1404;Michaela;Vlachová;37;Pardubice;Y;17/5/1985
1405;Libuše;Malá;56;Hradec Králové;Y;23/2/1978
1406;Václav;Grosman;49;Ostrava;N;20/10/1986
1407;Lucie;Housková;48;Hradec Králové;N;14/11/1998
1408;Dagmar;Eidelpesová;27;Olomouc;N;23/4/1992
1409;Stanislav;Ježdík;56;Brno;Y;1/7/1986
1410;Romana;Burdová;31;Liberec;Y;22/3/1966
1411;Jindøich;Mikle;28;Praha;Y;25/3/2020
1412;Adéla;Uhláøová;21;Pardubice;Y;19/10/2001
1413;Jakub;Hušo;64;Praaha;Y;6/7/1960
1414;Kvìtoslava;Pellová;61;Pardubice;Y;7/11/1992
1415;Sabina;Nosková;29;Olomouc;Y;12/1/1991
1416;Veronika;Benková;50;Praaha;Y;4/3/1999
1417;Jaroslava;Struèková;69;Praha;Y;22/4/2015
1418;Radka;Rybáøová;40;Ostrava;N;24/9/2005
1419;Monika;Sklenáøová;53;Praha;Y;1/5/2013
1420;Oldøich;Štolc;33;Olomouc;N;9/9/2004
1421;Aleš;Chvátal;62;Plzeò;Y;2/10/1983
1422;Otakar;Starý;66;Ostrava;Y;27/6/1962
1423;Marcela;Høebíèková;24;Pardubice;Y;12/7/1983
1424;Jarmila;Míšková;61;Brno;N;5/7/1975
1425;Roman;Hárovník;46;Olomouc;N;26/11/1962
1426;Zuzana;Komínková;21;Praaha;Y;15/10/1984
1427;Vladimíra;Jánošíková;63;Ostrava;N;10/9/2017
1428;Štìpán;Spurný;65;Brno;Y;23/8/2012
1429;Andìlín;Turoò;34;Brno;N;8/8/1991
1430;Božena;Pøibáòová;46;Hradec Králové;Y;24/8/1990
1431;Bohumil;Kùs;29;Hradec Králové;Y;3/6/2010
1432;Šárka;Brodníèková;45;Liberec;Y;15/2/1963
1433;Milena;Neterdová;48;Hradec Králové;Y;9/4/1963
1434;Milada;Holeèková;32;Pardubice;N;12/9/2021
1435;Theodor;Kunc;68;Pardubice;N;25/1/1980
1436;Olga;Daòková;55;Pardubice;Y;25/4/1978
1437;Ondøej;Nováèek;49;praha;N;25/3/1962
1438;Jolana;Holinková;63;Plzeò;N;4/5/1979
1439;Libor;Krúpa;56;praha;N;2/11/2009
1440;Nataliya;Svatoòová;33;Ostrava;N;20/4/1975
1441;Tereza;Pánková;24;Brno;N;26/4/1982
1442;Pavla;Maøanová;26;Plzeò;Y;27/1/1965
1443;Klára;Krebsová;21;Praaha;Y;4/2/1981
1444;Hubertus;Meinolf;37;Brno;Y;03/06/10
